Workbook
Name CLadrs: [1]!THZBD25[[#All],[ADRESSE]]
Name CLadrs: [1]!THZBD25[[#All],[ADRESSE]]
Name Clards1: [1]!THZBD25[[#All],[ADRESSE]]
Name Clards1: [1]!THZBD25[[#All],[ADRESSE]]
Name CLclss: [1]!THZBD25[[#All],[ClASSE]]
Name CLclss: [1]!THZBD25[[#All],[ClASSE]]
Name CLct: [1]!THZBD25[[#All],[CATEGORIE]]
Name CLct: [1]!THZBD25[[#All],[CATEGORIE]]
Name CLdt: [1]!THZBD25[[#All],[DATE]]
Name CLdt: [1]!THZBD25[[#All],[DATE]]
Name CLff: [1]!THZBD25[[#Headers],[FF]]
Name CLff: [1]!THZBD25[[#Headers],[FF]]
Name CLfip: [1]!THZBD25[[#All],[FIP]]
Name CLfip: [1]!THZBD25[[#All],[FIP]]
Name CLjrs: [1]!THZBD25[[#All],[JOUR]]
Name CLjrs: [1]!THZBD25[[#All],[JOUR]]
Name CLldtnss: [1]!THZBD25[[#All],[Lieu et DNSS]]
Name CLldtnss: [1]!THZBD25[[#All],[Lieu et DNSS]]
Name CLmat: [1]!THZBD25[[#All],[MAT]]
Name CLmat: [1]!THZBD25[[#All],[MAT]]
Name CLmois: [1]!THZBD25[[#All],[MOIS]]
Name CLmois: [1]!THZBD25[[#All],[MOIS]]
Name CLnmRec: [1]!THZBD25[[#All],[NUM RECU]]
Name CLnmRec: [1]!THZBD25[[#All],[NUM RECU]]
Name CLnom: [1]!THZBD25[[#All],[NOM ]]
Name CLnom: [1]!THZBD25[[#All],[NOM ]]
Name CLobs: [1]!THZBD25[[#All],[OBS]]
Name CLobs: [1]!THZBD25[[#All],[OBS]]
Name CLresp: [1]!THZBD25[[#All],[RESPO & Fonction]]
Name CLresp: [1]!THZBD25[[#All],[RESPO & Fonction]]
Name CLSect: [1]!THZBD25[[#All],[SECTION]]
Name CLSect: [1]!THZBD25[[#All],[SECTION]]
Name CLsex: [1]!THZBD25[[#All],[SEXE]]
Name CLsex: [1]!THZBD25[[#All],[SEXE]]
Name CLtel: [1]!THZBD25[[#All],[TELEPHONE]]
Name CLtel: [1]!THZBD25[[#All],[TELEPHONE]]
Name ELIECORRECTION: [1]!THZBD25[[#All],[ClASSE]]
Name ELIECORRECTION: [1]!THZBD25[[#All],[ClASSE]]
Name LisrClasse: [1]PARAMETTRE!$P$6:$P$44
Name ListAdress2024: [1]THZBD24!$N$8:$N$3070
Name ListBD: 'BDFIP2526 (2)'!$D$9:$S$993
Name ListBD: [1]BESS!$D$11:$P$1427
Name ListCat2024: [1]THZBD24!$F$9:$F$3070
Name ListCateg2023: [1]!TBCategorie[CATEGORIE]
Name ListCateg2023: [1]!TBCategorie[CATEGORIE]
Name ListID: [1]!TBID[ID]
Name ListID: [1]!TBID[ID]
Name ListMat: [0]!ListBD:[0]!LisrClasse
Name ListMat: ListBD:LisrClasse
Name ListMATR: [1]THZBD24!$B$8:$B$3070
Name ListMois: [1]!TBMois[MOIS]
Name ListMois: [1]!TBMois[MOIS]
Name ListMont: [1]PARAMETTRE!$L$6,[1]PARAMETTRE!$L$25228
Name ListNMR: [0]!ListCat2024:[0]!ListAdress2024
Name ListNMR: ListCat2024:ListAdress2024
Name ListNom: 'BDFIP2526 (2)'!ListCateg2023:'BDFIP2526 (2)'!ListBD
Name ListNom: #N/A
Name ListNomInscr2024: [1]THZBD24!$G$9:$G$3070
Name ListSection: [1]!TBSection[SECTION]
Name ListSection: [1]!TBSection[SECTION]

Sheet BDFIP2526 (2)
J6: MONTANT | M6: J SEMAINE | U6: 3M | W6: Dec | AN6: RECHERCHE | AO6: TSHITENGE BANTU SETU
B8: Num | C8: Matricule | D8: Nom | E8: NumRecu | F8: Sexe | G8: Classe | H8: Categorie | I8: Mois | J8: FIP | K8: FF | L8: Obs | M8: Jour | N8: DatePaiement | O8: AnneeScolaire | P8: Section | Q8: Telephone | R8: Email
B9: 1 | C9: PL652 | D9: LUMPUNGU LUMPIBWE | E9: 6672 | F9: M | G9: 1°Cons | H9: PY | I9: Sept | J9: 55 | L9: N | M9: SAMED | N9: 45934 | O9: 2025-2026 | P9: SEC | X9: 45896.651 | AS9: 45236.128 | AU9: 45172.044
B10: 2 | C10: PL541 | D10: NEHEMA KAZADI | E10: 6503 | F10: F | G10: 2°Lit | H10: PY | I10: Ac.Sept | J10: 20 | L10: A | M10: JEUD | N10: 45876 | O10: 2025-2026 | P10: SEC | AS10: CLASSE | AT10: SEXE | AU10: DAYE | AV10: JOUR | AW10: NUM RECU | AX10: MOIS | AY10: FIP | AZ10: FF | BA10: N°
B11: 3 | C11: PL308 | D11: ODIMBA WA OKUNDJI | E11: 6882 | F11: M | G11: 4°HP | H11: PY | I11: Oct | J11: 80 | L11: A | N11: 45879 | O11: 25-26 | P11: SEC | Q11: 993138694 | AQ11: 0
B12: 4 | C12: PL301 | D12: TEKELA NZEWU | E12: 6505 | F12: F | G12: 2°Lit | H12: PY | I12: Sept | J12: 45 | L12: A | M12: MARD | N12: 45881 | O12: 25-26 | P12: SEC | AM12: {=INDEX('BDFIP2526 (2)'!$N$9:$N$1229,SMALL(IF($AO$6='BDFIP2526 (2)'!$D$9:$D$1229,ROW('BDFIP2526 (2)'!$D$9:$D$1229)-MIN(ROW($D$9))+1,""),1))} -> #NUM! | AN12: {=INDEX('BDFIP2526 (2)'!#REF!,SMALL(IF($AO$6='BDFIP2526 (2)'!$D$9:$D$1229,ROW('BDFIP2526 (2)'!$D$9:$D$1229)-MIN(ROW($D$9))+1,""),1))} -> #REF! | AO12: {=INDEX(#REF!,SMALL(IF($AO$6='BDFIP2526 (2)'!$D$9:$D$1229,ROW('BDFIP2526 (2)'!$D$9:$D$1229)-MIN(ROW($D$9))+1,""),1))} -> #REF! | AQ12: 2 | AT12: =IFERROR(INDEX('BDFIP2526 (2)'!$F$9:$F$1229,SMALL(IF($AO$6='BDFIP2526 (2)'!$D$9:$D$1229,ROW('BDFIP2526 (2)'!$D$9:$D$1229)-MIN(ROW($D$9))+1,""),ROWS(AT$12:AT12))),"") | AU12: {=IFERROR(INDEX('BDFIP2526 (2)'!$N$9:$N$1229,SMALL(IF($AO$6='BDFIP2526 (2)'!$D$9:$D$1229,ROW('BDFIP2526 (2)'!$D$9:$D$1229)-MIN(ROW($D$9))+1,""),ROWS(AU$12:AU12))),"")} | AV12: {=IFERROR(INDEX('BDFIP2526 (2)'!$M$9:$M$1229,SMALL(IF($AO$6='BDFIP2526 (2)'!$D$9:$D$1229,ROW('BDFIP2526 (2)'!$D$9:$D$1229)-MIN(ROW($D$9))+1,""),ROWS(AV$12:AV12))),"")} | AW12: {=IFERROR(INDEX('BDFIP2526 (2)'!$E$9:$E$1229,SMALL(IF($AO$6='BDFIP2526 (2)'!$D$9:$D$1229,ROW('BDFIP2526 (2)'!$D$9:$D$1229)-MIN(ROW($D$9))+1,""),ROWS(AW$12:AW12))),"")} | AX12: {=IFERROR(INDEX('BDFIP2526 (2)'!#REF!,SMALL(IF($AO$6='BDFIP2526 (2)'!$D$9:$D$1229,ROW('BDFIP2526 (2)'!$D$9:$D$1229)-MIN(ROW($D$9))+1,""),ROWS(AX$12:AX12))),"")} | AY12: {=IFERROR(INDEX('BDFIP2526 (2)'!$J$9:$J$1229,SMALL(IF($AO$6='BDFIP2526 (2)'!$D$9:$D$1229,ROW('BDFIP2526 (2)'!$D$9:$D$1229)-MIN(ROW($D$9))+1,""),ROWS(AY$12:AY12))),"")} | AZ12: {=IFERROR(INDEX('BDFIP2526 (2)'!$K$9:$K$1229,SMALL(IF($AO$6='BDFIP2526 (2)'!$D$9:$D$1229,ROW('BDFIP2526 (2)'!$D$9:$D$1229)-MIN(ROW($D$9))+1,""),ROWS(AZ$12:AZ12))),"")} | BA12: {=IFERROR(INDEX(#REF!,SMALL(IF($AO$6='BDFIP2526 (2)'!$D$9:$D$1229,ROW('BDFIP2526 (2)'!$D$9:$D$1229)-MIN(ROW($D$9))+1,""),ROWS(BA$12:BA12))),"")}
B13: 5 | C13: PL300 | D13: NGALULA NZEWU | E13: 6504 | F13: F | G13: 3°Sc | H13: PY | I13: Sept | J13: 80 | L13: A | M13: MARD | N13: 45881 | O13: 25-26 | P13: SEC | AM13: {=INDEX('BDFIP2526 (2)'!$N$9:$N$1229,SMALL(IF($AO$6='BDFIP2526 (2)'!$D$9:$D$1229,ROW('BDFIP2526 (2)'!$D$9:$D$1229)-MIN(ROW($D$9))+1,""),2))} -> #NUM! | AN13: {=INDEX('BDFIP2526 (2)'!#REF!,SMALL(IF($AO$6='BDFIP2526 (2)'!$D$9:$D$1229,ROW('BDFIP2526 (2)'!$D$9:$D$1229)-MIN(ROW($D$9))+1,""),2))} -> #REF! | AO13: {=INDEX(#REF!,SMALL(IF($AO$6='BDFIP2526 (2)'!$D$9:$D$1229,ROW('BDFIP2526 (2)'!$D$9:$D$1229)-MIN(ROW($D$9))+1,""),2))} -> #REF! | AQ13: 6 | AS13: {=IFERROR(INDEX('BDFIP2526 (2)'!$G$9:$G$1229,SMALL(IF($AO$6='BDFIP2526 (2)'!$D$9:$D$1229,ROW('BDFIP2526 (2)'!$D$9:$D$1229)-MIN(ROW($D$9))+1,""),ROWS(AS$12:AS13))),"")} | AT13: {=IFERROR(INDEX('BDFIP2526 (2)'!$F$9:$F$1229,SMALL(IF($AO$6='BDFIP2526 (2)'!$D$9:$D$1229,ROW('BDFIP2526 (2)'!$D$9:$D$1229)-MIN(ROW($D$9))+1,""),ROWS(AT$12:AT13))),"")} | AU13: {=IFERROR(INDEX('BDFIP2526 (2)'!$N$9:$N$1229,SMALL(IF($AO$6='BDFIP2526 (2)'!$D$9:$D$1229,ROW('BDFIP2526 (2)'!$D$9:$D$1229)-MIN(ROW($D$9))+1,""),ROWS(AU$12:AU13))),"")} | AV13: {=IFERROR(INDEX('BDFIP2526 (2)'!$M$9:$M$1229,SMALL(IF($AO$6='BDFIP2526 (2)'!$D$9:$D$1229,ROW('BDFIP2526 (2)'!$D$9:$D$1229)-MIN(ROW($D$9))+1,""),ROWS(AV$12:AV13))),"")} | AW13: {=IFERROR(INDEX('BDFIP2526 (2)'!$E$9:$E$1229,SMALL(IF($AO$6='BDFIP2526 (2)'!$D$9:$D$1229,ROW('BDFIP2526 (2)'!$D$9:$D$1229)-MIN(ROW($D$9))+1,""),ROWS(AW$12:AW13))),"")} | AX13: {=IFERROR(INDEX('BDFIP2526 (2)'!#REF!,SMALL(IF($AO$6='BDFIP2526 (2)'!$D$9:$D$1229,ROW('BDFIP2526 (2)'!$D$9:$D$1229)-MIN(ROW($D$9))+1,""),ROWS(AX$12:AX13))),"")} | AY13: {=IFERROR(INDEX('BDFIP2526 (2)'!$J$9:$J$1229,SMALL(IF($AO$6='BDFIP2526 (2)'!$D$9:$D$1229,ROW('BDFIP2526 (2)'!$D$9:$D$1229)-MIN(ROW($D$9))+1,""),ROWS(AY$12:AY13))),"")} | AZ13: {=IFERROR(INDEX('BDFIP2526 (2)'!$K$9:$K$1229,SMALL(IF($AO$6='BDFIP2526 (2)'!$D$9:$D$1229,ROW('BDFIP2526 (2)'!$D$9:$D$1229)-MIN(ROW($D$9))+1,""),ROWS(AZ$12:AZ13))),"")} | BA13: {=IFERROR(INDEX(#REF!,SMALL(IF($AO$6='BDFIP2526 (2)'!$D$9:$D$1229,ROW('BDFIP2526 (2)'!$D$9:$D$1229)-MIN(ROW($D$9))+1,""),ROWS(BA$12:BA13))),"")}
B14: 6 | C14: LT545 | D14: MAKOLO MWAMBA | E14: 6510 | F14: F | G14: 3M | H14: PY | I14: Aout | J14: 40 | L14: N | M14: VEND | N14: 45891 | O14: 2025-2026 | P14: MAT | Q14: 814533261 | AM14: {=INDEX('BDFIP2526 (2)'!$N$9:$N$1229,SMALL(IF($AO$6='BDFIP2526 (2)'!$D$9:$D$1229,ROW('BDFIP2526 (2)'!$D$9:$D$1229)-MIN(ROW($D$9))+1,""),3))} -> #NUM! | AN14: {=INDEX('BDFIP2526 (2)'!#REF!,SMALL(IF($AO$6='BDFIP2526 (2)'!$D$9:$D$1229,ROW('BDFIP2526 (2)'!$D$9:$D$1229)-MIN(ROW($D$9))+1,""),3))} -> #REF! | AO14: {=INDEX(#REF!,SMALL(IF($AO$6='BDFIP2526 (2)'!$D$9:$D$1229,ROW('BDFIP2526 (2)'!$D$9:$D$1229)-MIN(ROW($D$9))+1,""),3))} -> #REF! | AQ14: 9 | AS14: {=IFERROR(INDEX('BDFIP2526 (2)'!$G$9:$G$1229,SMALL(IF($AO$6='BDFIP2526 (2)'!$D$9:$D$1229,ROW('BDFIP2526 (2)'!$D$9:$D$1229)-MIN(ROW($D$9))+1,""),ROWS(AS$12:AS14))),"")} | AT14: {=IFERROR(INDEX('BDFIP2526 (2)'!$F$9:$F$1229,SMALL(IF($AO$6='BDFIP2526 (2)'!$D$9:$D$1229,ROW('BDFIP2526 (2)'!$D$9:$D$1229)-MIN(ROW($D$9))+1,""),ROWS(AT$12:AT14))),"")} | AU14: {=IFERROR(INDEX('BDFIP2526 (2)'!$N$9:$N$1229,SMALL(IF($AO$6='BDFIP2526 (2)'!$D$9:$D$1229,ROW('BDFIP2526 (2)'!$D$9:$D$1229)-MIN(ROW($D$9))+1,""),ROWS(AU$12:AU14))),"")} | AV14: {=IFERROR(INDEX('BDFIP2526 (2)'!$M$9:$M$1229,SMALL(IF($AO$6='BDFIP2526 (2)'!$D$9:$D$1229,ROW('BDFIP2526 (2)'!$D$9:$D$1229)-MIN(ROW($D$9))+1,""),ROWS(AV$12:AV14))),"")} | AW14: {=IFERROR(INDEX('BDFIP2526 (2)'!$E$9:$E$1229,SMALL(IF($AO$6='BDFIP2526 (2)'!$D$9:$D$1229,ROW('BDFIP2526 (2)'!$D$9:$D$1229)-MIN(ROW($D$9))+1,""),ROWS(AW$12:AW14))),"")} | AX14: {=IFERROR(INDEX('BDFIP2526 (2)'!#REF!,SMALL(IF($AO$6='BDFIP2526 (2)'!$D$9:$D$1229,ROW('BDFIP2526 (2)'!$D$9:$D$1229)-MIN(ROW($D$9))+1,""),ROWS(AX$12:AX14))),"")} | AY14: {=IFERROR(INDEX('BDFIP2526 (2)'!$J$9:$J$1229,SMALL(IF($AO$6='BDFIP2526 (2)'!$D$9:$D$1229,ROW('BDFIP2526 (2)'!$D$9:$D$1229)-MIN(ROW($D$9))+1,""),ROWS(AY$12:AY14))),"")} | AZ14: {=IFERROR(INDEX('BDFIP2526 (2)'!$K$9:$K$1229,SMALL(IF($AO$6='BDFIP2526 (2)'!$D$9:$D$1229,ROW('BDFIP2526 (2)'!$D$9:$D$1229)-MIN(ROW($D$9))+1,""),ROWS(AZ$12:AZ14))),"")} | BA14: {=IFERROR(INDEX(#REF!,SMALL(IF($AO$6='BDFIP2526 (2)'!$D$9:$D$1229,ROW('BDFIP2526 (2)'!$D$9:$D$1229)-MIN(ROW($D$9))+1,""),ROWS(BA$12:BA14))),"")}
B15: 7 | C15: PL303 | D15: NUMBI KAMWANYA | E15: 6511 | F15: F | G15: 2°TCC | H15: PY | I15: Aout | J15: 55 | L15: A | M15: MARD | N15: 45895 | O15: 2025-2026 | P15: SEC | Q15: 0858913202/0998525070 | AM15: {=INDEX('BDFIP2526 (2)'!$N$9:$N$1229,SMALL(IF(AO10='BDFIP2526 (2)'!$D$9:$D$1229,ROW('BDFIP2526 (2)'!$D$9:$D$1229)-MIN(ROW($D$9))+1,""),10))} -> #NUM! | AQ15: 3 | AS15: {=IFERROR(INDEX('BDFIP2526 (2)'!$G$9:$G$1229,SMALL(IF($AO$6='BDFIP2526 (2)'!$D$9:$D$1229,ROW('BDFIP2526 (2)'!$D$9:$D$1229)-MIN(ROW($D$9))+1,""),ROWS(AS$12:AS15))),"")} | AT15: {=IFERROR(INDEX('BDFIP2526 (2)'!$F$9:$F$1229,SMALL(IF($AO$6='BDFIP2526 (2)'!$D$9:$D$1229,ROW('BDFIP2526 (2)'!$D$9:$D$1229)-MIN(ROW($D$9))+1,""),ROWS(AT$12:AT15))),"")} | AU15: {=IFERROR(INDEX('BDFIP2526 (2)'!$N$9:$N$1229,SMALL(IF($AO$6='BDFIP2526 (2)'!$D$9:$D$1229,ROW('BDFIP2526 (2)'!$D$9:$D$1229)-MIN(ROW($D$9))+1,""),ROWS(AU$12:AU15))),"")} | AV15: {=IFERROR(INDEX('BDFIP2526 (2)'!$M$9:$M$1229,SMALL(IF($AO$6='BDFIP2526 (2)'!$D$9:$D$1229,ROW('BDFIP2526 (2)'!$D$9:$D$1229)-MIN(ROW($D$9))+1,""),ROWS(AV$12:AV15))),"")} | AW15: {=IFERROR(INDEX('BDFIP2526 (2)'!$E$9:$E$1229,SMALL(IF($AO$6='BDFIP2526 (2)'!$D$9:$D$1229,ROW('BDFIP2526 (2)'!$D$9:$D$1229)-MIN(ROW($D$9))+1,""),ROWS(AW$12:AW15))),"")} | AX15: {=IFERROR(INDEX('BDFIP2526 (2)'!#REF!,SMALL(IF($AO$6='BDFIP2526 (2)'!$D$9:$D$1229,ROW('BDFIP2526 (2)'!$D$9:$D$1229)-MIN(ROW($D$9))+1,""),ROWS(AX$12:AX15))),"")} | AY15: {=IFERROR(INDEX('BDFIP2526 (2)'!$J$9:$J$1229,SMALL(IF($AO$6='BDFIP2526 (2)'!$D$9:$D$1229,ROW('BDFIP2526 (2)'!$D$9:$D$1229)-MIN(ROW($D$9))+1,""),ROWS(AY$12:AY15))),"")} | AZ15: {=IFERROR(INDEX('BDFIP2526 (2)'!$K$9:$K$1229,SMALL(IF($AO$6='BDFIP2526 (2)'!$D$9:$D$1229,ROW('BDFIP2526 (2)'!$D$9:$D$1229)-MIN(ROW($D$9))+1,""),ROWS(AZ$12:AZ15))),"")} | BA15: {=IFERROR(INDEX(#REF!,SMALL(IF($AO$6='BDFIP2526 (2)'!$D$9:$D$1229,ROW('BDFIP2526 (2)'!$D$9:$D$1229)-MIN(ROW($D$9))+1,""),ROWS(BA$12:BA15))),"")}
B16: 8 | C16: PL342 | D16: KISIMBA BENDERA ILUNGA | E16: 6512 | F16: F | G16: 8°EB | H16: PY | I16: Aout | J16: 45 | L16: A | M16: VEND | N16: 45898 | O16: 2025-2026 | P16: SEC | Q16: 0850932909/0990262434 | AQ16: 1 | AS16: {=IFERROR(INDEX('BDFIP2526 (2)'!$G$9:$G$1229,SMALL(IF($AO$6='BDFIP2526 (2)'!$D$9:$D$1229,ROW('BDFIP2526 (2)'!$D$9:$D$1229)-MIN(ROW($D$9))+1,""),ROWS(AS$12:AS16))),"")} | AT16: {=IFERROR(INDEX('BDFIP2526 (2)'!$F$9:$F$1229,SMALL(IF($AO$6='BDFIP2526 (2)'!$D$9:$D$1229,ROW('BDFIP2526 (2)'!$D$9:$D$1229)-MIN(ROW($D$9))+1,""),ROWS(AT$12:AT16))),"")} | AU16: {=IFERROR(INDEX('BDFIP2526 (2)'!$N$9:$N$1229,SMALL(IF($AO$6='BDFIP2526 (2)'!$D$9:$D$1229,ROW('BDFIP2526 (2)'!$D$9:$D$1229)-MIN(ROW($D$9))+1,""),ROWS(AU$12:AU16))),"")} | AV16: {=IFERROR(INDEX('BDFIP2526 (2)'!$M$9:$M$1229,SMALL(IF($AO$6='BDFIP2526 (2)'!$D$9:$D$1229,ROW('BDFIP2526 (2)'!$D$9:$D$1229)-MIN(ROW($D$9))+1,""),ROWS(AV$12:AV16))),"")} | AW16: {=IFERROR(INDEX('BDFIP2526 (2)'!$E$9:$E$1229,SMALL(IF($AO$6='BDFIP2526 (2)'!$D$9:$D$1229,ROW('BDFIP2526 (2)'!$D$9:$D$1229)-MIN(ROW($D$9))+1,""),ROWS(AW$12:AW16))),"")} | AX16: {=IFERROR(INDEX('BDFIP2526 (2)'!#REF!,SMALL(IF($AO$6='BDFIP2526 (2)'!$D$9:$D$1229,ROW('BDFIP2526 (2)'!$D$9:$D$1229)-MIN(ROW($D$9))+1,""),ROWS(AX$12:AX16))),"")} | AY16: {=IFERROR(INDEX('BDFIP2526 (2)'!$J$9:$J$1229,SMALL(IF($AO$6='BDFIP2526 (2)'!$D$9:$D$1229,ROW('BDFIP2526 (2)'!$D$9:$D$1229)-MIN(ROW($D$9))+1,""),ROWS(AY$12:AY16))),"")} | AZ16: {=IFERROR(INDEX('BDFIP2526 (2)'!$K$9:$K$1229,SMALL(IF($AO$6='BDFIP2526 (2)'!$D$9:$D$1229,ROW('BDFIP2526 (2)'!$D$9:$D$1229)-MIN(ROW($D$9))+1,""),ROWS(AZ$12:AZ16))),"")} | BA16: {=IFERROR(INDEX(#REF!,SMALL(IF($AO$6='BDFIP2526 (2)'!$D$9:$D$1229,ROW('BDFIP2526 (2)'!$D$9:$D$1229)-MIN(ROW($D$9))+1,""),ROWS(BA$12:BA16))),"")}
B17: 9 | C17: PL121 | D17: NGENDA KADIMA | E17: 6517 | F17: F | G17: 2°HP | H17: PY | I17: Aout | J17: 45 | L17: N | M17: VEND | N17: 45898 | O17: 2025-2026 | P17: SEC | Q17: 977415665 | AO17: =SMALL($AQ$11:$AQ$16,1) -> 0 | AS17: {=IFERROR(INDEX('BDFIP2526 (2)'!$G$9:$G$1229,SMALL(IF($AO$6='BDFIP2526 (2)'!$D$9:$D$1229,ROW('BDFIP2526 (2)'!$D$9:$D$1229)-MIN(ROW($D$9))+1,""),ROWS(AS$12:AS17))),"")} | AT17: {=IFERROR(INDEX('BDFIP2526 (2)'!$F$9:$F$1229,SMALL(IF($AO$6='BDFIP2526 (2)'!$D$9:$D$1229,ROW('BDFIP2526 (2)'!$D$9:$D$1229)-MIN(ROW($D$9))+1,""),ROWS(AT$12:AT17))),"")} | AU17: {=IFERROR(INDEX('BDFIP2526 (2)'!$N$9:$N$1229,SMALL(IF($AO$6='BDFIP2526 (2)'!$D$9:$D$1229,ROW('BDFIP2526 (2)'!$D$9:$D$1229)-MIN(ROW($D$9))+1,""),ROWS(AU$12:AU17))),"")} | AV17: {=IFERROR(INDEX('BDFIP2526 (2)'!$M$9:$M$1229,SMALL(IF($AO$6='BDFIP2526 (2)'!$D$9:$D$1229,ROW('BDFIP2526 (2)'!$D$9:$D$1229)-MIN(ROW($D$9))+1,""),ROWS(AV$12:AV17))),"")} | AW17: {=IFERROR(INDEX('BDFIP2526 (2)'!$E$9:$E$1229,SMALL(IF($AO$6='BDFIP2526 (2)'!$D$9:$D$1229,ROW('BDFIP2526 (2)'!$D$9:$D$1229)-MIN(ROW($D$9))+1,""),ROWS(AW$12:AW17))),"")} | AX17: {=IFERROR(INDEX('BDFIP2526 (2)'!#REF!,SMALL(IF($AO$6='BDFIP2526 (2)'!$D$9:$D$1229,ROW('BDFIP2526 (2)'!$D$9:$D$1229)-MIN(ROW($D$9))+1,""),ROWS(AX$12:AX17))),"")} | AY17: {=IFERROR(INDEX('BDFIP2526 (2)'!$J$9:$J$1229,SMALL(IF($AO$6='BDFIP2526 (2)'!$D$9:$D$1229,ROW('BDFIP2526 (2)'!$D$9:$D$1229)-MIN(ROW($D$9))+1,""),ROWS(AY$12:AY17))),"")} | AZ17: {=IFERROR(INDEX('BDFIP2526 (2)'!$K$9:$K$1229,SMALL(IF($AO$6='BDFIP2526 (2)'!$D$9:$D$1229,ROW('BDFIP2526 (2)'!$D$9:$D$1229)-MIN(ROW($D$9))+1,""),ROWS(AZ$12:AZ17))),"")} | BA17: {=IFERROR(INDEX(#REF!,SMALL(IF($AO$6='BDFIP2526 (2)'!$D$9:$D$1229,ROW('BDFIP2526 (2)'!$D$9:$D$1229)-MIN(ROW($D$9))+1,""),ROWS(BA$12:BA17))),"")}
B18: 10 | C18: PL051 | D18: MULUNDA KABASELE | E18: 6515 | F18: M | G18: 7°EB | H18: PY | I18: Aout | J18: 25 | L18: N | M18: VEND | N18: 45898 | O18: 2025-2026 | P18: SEC | Q18: 832970855 | AO18: =SMALL($AQ$11:$AQ$16,5) -> 6 | AS18: {=IFERROR(INDEX('BDFIP2526 (2)'!$G$9:$G$1229,SMALL(IF($AO$6='BDFIP2526 (2)'!$D$9:$D$1229,ROW('BDFIP2526 (2)'!$D$9:$D$1229)-MIN(ROW($D$9))+1,""),ROWS(AS$12:AS18))),"")} | AT18: {=IFERROR(INDEX('BDFIP2526 (2)'!$F$9:$F$1229,SMALL(IF($AO$6='BDFIP2526 (2)'!$D$9:$D$1229,ROW('BDFIP2526 (2)'!$D$9:$D$1229)-MIN(ROW($D$9))+1,""),ROWS(AT$12:AT18))),"")} | AU18: {=IFERROR(INDEX('BDFIP2526 (2)'!$N$9:$N$1229,SMALL(IF($AO$6='BDFIP2526 (2)'!$D$9:$D$1229,ROW('BDFIP2526 (2)'!$D$9:$D$1229)-MIN(ROW($D$9))+1,""),ROWS(AU$12:AU18))),"")} | AV18: {=IFERROR(INDEX('BDFIP2526 (2)'!$M$9:$M$1229,SMALL(IF($AO$6='BDFIP2526 (2)'!$D$9:$D$1229,ROW('BDFIP2526 (2)'!$D$9:$D$1229)-MIN(ROW($D$9))+1,""),ROWS(AV$12:AV18))),"")} | AW18: {=IFERROR(INDEX('BDFIP2526 (2)'!$E$9:$E$1229,SMALL(IF($AO$6='BDFIP2526 (2)'!$D$9:$D$1229,ROW('BDFIP2526 (2)'!$D$9:$D$1229)-MIN(ROW($D$9))+1,""),ROWS(AW$12:AW18))),"")} | AX18: {=IFERROR(INDEX('BDFIP2526 (2)'!#REF!,SMALL(IF($AO$6='BDFIP2526 (2)'!$D$9:$D$1229,ROW('BDFIP2526 (2)'!$D$9:$D$1229)-MIN(ROW($D$9))+1,""),ROWS(AX$12:AX18))),"")} | AY18: {=IFERROR(INDEX('BDFIP2526 (2)'!$J$9:$J$1229,SMALL(IF($AO$6='BDFIP2526 (2)'!$D$9:$D$1229,ROW('BDFIP2526 (2)'!$D$9:$D$1229)-MIN(ROW($D$9))+1,""),ROWS(AY$12:AY18))),"")} | AZ18: {=IFERROR(INDEX('BDFIP2526 (2)'!$K$9:$K$1229,SMALL(IF($AO$6='BDFIP2526 (2)'!$D$9:$D$1229,ROW('BDFIP2526 (2)'!$D$9:$D$1229)-MIN(ROW($D$9))+1,""),ROWS(AZ$12:AZ18))),"")} | BA18: {=IFERROR(INDEX(#REF!,SMALL(IF($AO$6='BDFIP2526 (2)'!$D$9:$D$1229,ROW('BDFIP2526 (2)'!$D$9:$D$1229)-MIN(ROW($D$9))+1,""),ROWS(BA$12:BA18))),"")}
B19: 11 | C19: PL070 | D19: KUMWIMBA ILUNGA | E19: 6518 | F19: M | G19: 8°EB | H19: PY | I19: Sept | L19: N | M19: VEND | N19: 45898 | O19: 2025-2026 | P19: SEC | Q19: 977415665 | AO19: =SMALL($AQ$11:$AQ$16,3) -> 2 | AS19: {=IFERROR(INDEX('BDFIP2526 (2)'!$G$9:$G$1229,SMALL(IF($AO$6='BDFIP2526 (2)'!$D$9:$D$1229,ROW('BDFIP2526 (2)'!$D$9:$D$1229)-MIN(ROW($D$9))+1,""),ROWS(AS$12:AS19))),"")} | AT19: {=IFERROR(INDEX('BDFIP2526 (2)'!$F$9:$F$1229,SMALL(IF($AO$6='BDFIP2526 (2)'!$D$9:$D$1229,ROW('BDFIP2526 (2)'!$D$9:$D$1229)-MIN(ROW($D$9))+1,""),ROWS(AT$12:AT19))),"")} | AU19: {=IFERROR(INDEX('BDFIP2526 (2)'!$N$9:$N$1229,SMALL(IF($AO$6='BDFIP2526 (2)'!$D$9:$D$1229,ROW('BDFIP2526 (2)'!$D$9:$D$1229)-MIN(ROW($D$9))+1,""),ROWS(AU$12:AU19))),"")} | AV19: {=IFERROR(INDEX('BDFIP2526 (2)'!$M$9:$M$1229,SMALL(IF($AO$6='BDFIP2526 (2)'!$D$9:$D$1229,ROW('BDFIP2526 (2)'!$D$9:$D$1229)-MIN(ROW($D$9))+1,""),ROWS(AV$12:AV19))),"")} | AW19: {=IFERROR(INDEX('BDFIP2526 (2)'!$E$9:$E$1229,SMALL(IF($AO$6='BDFIP2526 (2)'!$D$9:$D$1229,ROW('BDFIP2526 (2)'!$D$9:$D$1229)-MIN(ROW($D$9))+1,""),ROWS(AW$12:AW19))),"")} | AX19: {=IFERROR(INDEX('BDFIP2526 (2)'!#REF!,SMALL(IF($AO$6='BDFIP2526 (2)'!$D$9:$D$1229,ROW('BDFIP2526 (2)'!$D$9:$D$1229)-MIN(ROW($D$9))+1,""),ROWS(AX$12:AX19))),"")} | AY19: {=IFERROR(INDEX('BDFIP2526 (2)'!$J$9:$J$1229,SMALL(IF($AO$6='BDFIP2526 (2)'!$D$9:$D$1229,ROW('BDFIP2526 (2)'!$D$9:$D$1229)-MIN(ROW($D$9))+1,""),ROWS(AY$12:AY19))),"")} | AZ19: {=IFERROR(INDEX('BDFIP2526 (2)'!$K$9:$K$1229,SMALL(IF($AO$6='BDFIP2526 (2)'!$D$9:$D$1229,ROW('BDFIP2526 (2)'!$D$9:$D$1229)-MIN(ROW($D$9))+1,""),ROWS(AZ$12:AZ19))),"")} | BA19: {=IFERROR(INDEX(#REF!,SMALL(IF($AO$6='BDFIP2526 (2)'!$D$9:$D$1229,ROW('BDFIP2526 (2)'!$D$9:$D$1229)-MIN(ROW($D$9))+1,""),ROWS(BA$12:BA19))),"")}
B20: 12 | C20: LT404 | D20: AMBOAKA MATAMBA | E20: 6166 | F20: F | G20: 3°P | H20: PY | I20: Ac.Juin | J20: 17.5 | L20: N | M20: VEND | N20: 45905 | O20: 2025-2026 | P20: PRM
B21: 13 | C21: LT403 | D21: MULUMBA MATAMBA | E21: 6163 | F21: M | G21: 4°P | H21: PY | I21: Juin | J21: 35 | L21: N | M21: VEND | N21: 45905 | O21: 2025-2026 | P21: PRM
B22: 14 | C22: PL658 | D22: KABASU MPIANA | E22: 6605 | F22: M | G22: 2°HP | H22: PY | I22: Sept | J22: 45 | L22: N | M22: MERC | N22: 45931 | O22: 2025-2026 | P22: SEC
B23: 15 | C23: PL541 | D23: NEHEMA KAZADI | E23: 6606 | F23: F | G23: 2°Lit | H23: PY | I23: Sld.Sept | J23: 25 | L23: A | M23: MERC | N23: 45931 | O23: 2025-2026 | P23: SEC | Q23: 0831515793/0975956926
B24: 16 | C24: LT519 | D24: MUSWAYA KATAY Baraka | E24: 6607 | F24: M | G24: 1M | H24: PY | I24: Sept | J24: 40 | L24: N | M24: MERC | N24: 45931 | O24: 2025-2026 | P24: MAT | Q24: 993573914
B25: 17 | C25: LT508 | D25: MUTOMBO KISIMBA | E25: 6608 | F25: F | G25: 2M | H25: PY | I25: Sept | J25: 40 | L25: N | M25: MERC | N25: 45931 | O25: 2025-2026 | P25: MAT | Q25: 992347717
B26: 18 | C26: LT539 | D26: ZUBENDA AMISI | E26: 6609 | F26: M | G26: 3°P | H26: PY | I26: Sld.Sept | J26: 20 | L26: N | M26: MERC | N26: 45931 | O26: 2025-2026 | P26: PRM | Q26: 990095123
B27: 19 | C27: LT539 | D27: ZUBENDA AMISI | E27: 6610 | F27: M | G27: 3°P | H27: PY | I27: Oct | J27: 40 | L27: N | M27: MERC | N27: 45931 | O27: 2025-2026 | P27: PRM | Q27: 990095123
B28: 20 | C28: LT539 | D28: ZUBENDA AMISI | E28: 6611 | F28: M | G28: 3°P | H28: PY | I28: Nov | J28: 40 | L28: N | M28: MERC | N28: 45931 | O28: 2025-2026 | P28: PRM | Q28: 990095123
B29: 21 | C29: LT498 | D29: AMISI KYANGA | E29: 6615 | F29: M | G29: 1°P | H29: PY | I29: Oct | J29: 40 | L29: N | M29: MERC | N29: 45931 | O29: 2025-2026 | P29: PRM | Q29: 810174897
B30: 22 | C30: LT498 | D30: AMISI KYANGA | E30: 6616 | F30: M | G30: 1°P | H30: PY | I30: Nov | J30: 40 | L30: N | M30: MERC | N30: 45931 | O30: 2025-2026 | P30: PRM | Q30: 810174897
B31: 23 | C31: LT511 | D31: SHILO AMISI KYANDA | E31: 6617 | F31: F | G31: 1M | H31: PY | I31: Oct | J31: 40 | L31: N | M31: MERC | N31: 45931 | O31: 2025-2026 | P31: MAT | Q31: 810174897
B32: 24 | C32: LT511 | D32: SHILO AMISI KYANDA | E32: 6618 | F32: F | G32: 1M | H32: PY | I32: Ac.Nov | J32: 10 | L32: N | M32: MERC | N32: 45931 | O32: 2025-2026 | P32: MAT | Q32: 810174897
B33: 25 | C33: LT552 | D33: TSHISHIMBI MUBENGA | E33: 6619 | F33: M | G33: 3M | H33: PY | I33: Sept | J33: 40 | L33: N | M33: MERC | N33: 45931 | O33: 2025-2026 | P33: MAT | Q33: 0990480162/0990312395
B34: 26 | C34: LT315 | D34: KAPAFULE KAPENGA | E34: 6620 | F34: M | G34: 5°P | H34: PY | I34: Sept | J34: 40 | L34: N | M34: MERC | N34: 45931 | O34: 2025-2026 | P34: PRM
B35: 27 | C35: LT314 | D35: KAPENGA KAPENGA | E35: 6621 | F35: M | G35: 3°P | H35: PY | I35: Sept | J35: 40 | L35: N | M35: MERC | N35: 45931 | O35: 2025-2026 | P35: PRM
B36: 28 | C36: LT509 | D36: NGOYI KAPENGA esther | E36: 6623 | F36: F | G36: 2M | H36: PY | I36: Sept | J36: 40 | L36: N | M36: MERC | N36: 45931 | O36: 2025-2026 | P36: MAT
B37: 29 | C37: PL134 | D37: NANA BERNARD | E37: 6624 | F37: F | G37: 3°CG | H37: PY | I37: Sept | J37: 55 | L37: N | M37: MERC | N37: 45931 | O37: 2025-2026 | P37: SEC | Q37: 972432203
B38: 30 | C38: LT347 | D38: SHAMY NALUNDA | E38: 6625 | F38: F | G38: 1°P | H38: PY | I38: Sept | J38: 40 | L38: A | M38: MERC | N38: 45931 | O38: 2025-2026 | P38: PRM | Q38: 0970669499/0976860674
B39: 31 | C39: PL370 | D39: KABONGO MULUMBA | E39: 6626 | F39: M | G39: 4°EL | H39: PY | I39: Sept | J39: 80 | L39: A | M39: MERC | N39: 45931 | O39: 25-26 | P39: SEC | Q39: 814001138
B40: 32 | C40: LT395 | D40: KASONGO KIZIBA | E40: 6627 | F40: M | G40: 1°P | I40: Sept | J40: 40 | L40: A | M40: MERC | N40: 45931 | O40: 2025-2026 | P40: PRM
B41: 33 | C41: LT079 | D41: KASONGO KIZIBA OWEN | E41: 6628 | F41: M | G41: 5°P | H41: PY | I41: Sept | J41: 40 | L41: A | M41: MERC | N41: 45931 | O41: 2025-2026 | P41: PRM | Q41: 813002370
B42: 34 | C42: PL519 | D42: KASONGO KIZIBA | E42: 6629 | F42: F | G42: 1°EL | H42: PY | I42: Sept | J42: 55 | L42: A | M42: MERC | N42: 45931 | O42: 2025-2026 | P42: SEC | Q42: 903180516
B43: 35 | C43: LT163 | D43: OKITO SAMBA | E43: 6630 | F43: M | G43: 4°P | H43: PY | I43: Sept | J43: 40 | L43: A | M43: MERC | N43: 45931 | O43: 2025-2026 | P43: PRM | Q43: 999159905
B44: 36 | C44: LT164 | D44: OKOMBO SAMBA | E44: 6631 | F44: M | G44: 2°P | H44: PY | I44: Sept | J44: 40 | L44: A | M44: MERC | N44: 45931 | O44: 2025-2026 | P44: PRM | Q44: 999159905
B45: 37 | C45: LT494 | D45: LUBANGI SAMBA | E45: 6632 | F45: M | G45: 2M | H45: PY | I45: Sept | J45: 40 | L45: A | M45: MERC | N45: 45931 | O45: 2025-2026 | P45: MAT | Q45: 999159905
B46: 38 | C46: PL227 | D46: MUMBA KALIMA | E46: 6633 | F46: F | G46: 4°HP | H46: PY | I46: Sept | J46: 80 | L46: N | M46: JEUD | N46: 45932 | O46: 25-26 | P46: SEC | Q46: 979340056
B47: 39 | C47: PL052 | D47: PETU KANYINDA | E47: 6634 | F47: M | G47: 7°EB | H47: PY | I47: Sept | J47: 50 | L47: A | M47: JEUD | N47: 45932 | O47: 2025-2026 | P47: SEC | Q47: 852388881
B48: 40 | C48: PL351 | D48: MUSAU KABAMBI | E48: 6635 | F48: F | G48: 3°TCC | H48: PY | I48: Sept | J48: 55 | L48: A | M48: JEUD | N48: 45932 | O48: 25-26 | P48: SEC | Q48: 814618675
B49: 41 | C49: PL351 | D49: MUSAU KABAMBI | E49: 6636 | F49: F | G49: 3°TCC | H49: PY | I49: Ac.Oct | J49: 45 | L49: A | M49: JEUD | N49: 45932 | O49: 25-26 | P49: SEC | Q49: 814618675
B50: 42 | C50: PL556 | D50: BIEME MPAY | E50: 6637 | F50: F | G50: 4°CG | H50: PY | I50: Sept | J50: 80 | L50: A | M50: JEUD | N50: 45932 | O50: 25-26 | P50: SEC | Q50: 993693635
B51: 43 | C51: PL437 | D51: BIMA MUKONKOLE | E51: 6641 | F51: F | G51: 3°Sc | H51: PY | I51: Ac.Sept | J51: 35.08 | L51: A | M51: JEUD | N51: 45932 | O51: 25-26 | P51: SEC | Q51: 999820231
B52: 44 | C52: PL084 | D52: MUKENYI MANUMBI | E52: 6640 | F52: F | G52: 1°MG | H52: PY | I52: Sept | J52: 55 | L52: N | M52: JEUD | N52: 45932 | O52: 2025-2026 | P52: SEC | Q52: 892771212
B53: 45 | C53: PL307 | D53: ANDJELANI ATIBU | E53: 6643 | F53: F | G53: 2°CG | H53: PY | I53: Sept | J53: 55 | L53: A | M53: JEUD | N53: 45932 | O53: 2025-2026 | P53: SEC | Q53: 990268855
B54: 46 | C54: PL067 | D54: SAKINA ATIBU | E54: 6644 | F54: F | G54: 8°EB | H54: PY | I54: Sept | J54: 45 | L54: N | M54: JEUD | N54: 45932 | O54: 2025-2026 | P54: SEC
B55: 47 | C55: LT326 | D55: AYISSATA ATIBU | E55: 6645 | F55: F | G55: 6°P | H55: PY | I55: Sept | J55: 40 | L55: N | M55: JEUD | N55: 45932 | O55: 2025-2026 | P55: PRM | Q55: 853419627
B56: 48 | C56: LT325 | D56: ATIBU TSHIBANGU | E56: 6646 | F56: F | G56: 5°P | H56: PY | I56: Sept | J56: 40 | L56: N | M56: JEUD | N56: 45932 | O56: 2025-2026 | P56: PRM | Q56: 853419627
B57: 49 | C57: PL055 | D57: MBOMBO KALOMBO | E57: 6647 | F57: F | G57: 7°EB | H57: PY | I57: Oct | J57: 40 | L57: A | M57: JEUD | N57: 45932 | O57: 2025-2026 | P57: SEC | Q57: 897397461
B58: 50 | C58: PL056 | D58: MBWIKADI BAKADIA | E58: 6648 | F58: F | G58: 7°EB | H58: PY | I58: Oct | J58: 35 | L58: A | M58: JEUD | N58: 45932 | O58: 2025-2026 | P58: SEC | Q58: 897397461
B59: 51 | C59: PL589 | D59: NYEJE NABAHAMA | E59: 6649 | F59: M | G59: 4°EL | H59: PY | I59: Sept | J59: 60 | L59: A | M59: JEUD | N59: 45932 | O59: 25-26 | P59: SEC | Q59: 996977963
B60: 52 | C60: PL041 | D60: NYEJE NABAHAMA MICHEL | E60: 6650 | F60: M | G60: 7°EB | H60: PY | I60: Sept | J60: 40 | L60: N | M60: JEUD | N60: 45932 | O60: 2025-2026 | P60: SEC | Q60: 996977963
B61: 53 | C61: LT435 | D61: MAKUNGU MUSWEKA | E61: 6651 | F61: M | G61: 1°P | H61: PY | I61: Sept | J61: 40 | L61: A | M61: VEND | N61: 45933 | O61: 2025-2026 | P61: PRM | Q61: 0970238355/0828349114
B62: 54 | C62: PL525 | D62: MBOMBO MUFUTA | E62: 6652 | F62: F | G62: 2°CG | H62: PY | I62: Sept | J62: 55 | L62: A | M62: VEND | N62: 45933 | O62: 2025-2026 | P62: SEC | Q62: 0970238355/0828349114
B63: 55 | C63: PL613 | D63: LIFONGA IKALAMUSI | E63: 6653 | F63: F | G63: 1°Sc | H63: PY | I63: Sept | J63: 45 | L63: A | M63: VEND | N63: 45933 | O63: 2025-2026 | P63: SEC | Q63: 0815955855/0822923133
B64: 56 | C64: PL612 | D64: LIAMBI IKALAMUSI | E64: 6654 | F64: M | G64: 8°EB | H64: PY | I64: Sept | J64: 45 | L64: A | M64: VEND | N64: 45933 | O64: 25-26 | P64: SEC | Q64: 0822923133/
B65: 57 | C65: PL379 | D65: TSHIBWABWA MUKENDI | E65: 6655 | F65: M | G65: 4°MG | H65: PY | I65: Ac.Sept | J65: 70 | L65: A | M65: VEND | N65: 45933 | O65: 25-26 | P65: SEC | Q65: 977239341
B66: 58 | C66: PL051 | D66: MULUNDA KABASELE | E66: 6656 | F66: M | G66: 7°EB | H66: PY | I66: Sld.Sept | J66: 20 | L66: N | M66: VEND | N66: 45933 | O66: 2025-2026 | P66: SEC | Q66: 832970855
B67: 59 | C67: PL559 | D67: CHIKONDE MWELWA | E67: 6657 | F67: M | G67: 3°CG | H67: PY | I67: Sept | J67: 55 | L67: A | M67: VEND | N67: 45933 | O67: 25-26 | P67: SEC | Q67: 978012692
B68: 60 | C68: PL503 | D68: KAYUMBA LUKUSA | E68: 6658 | F68: F | G68: 1°CG | H68: PY | I68: Sept | J68: 55 | L68: A | M68: VEND | N68: 45933 | O68: 2025-2026 | P68: SEC | Q68: 852058596
B69: 61 | C69: PL504 | D69: TSHIBALA LUKUSA | E69: 6659 | F69: M | G69: 1°EL | H69: PY | I69: Sept | J69: 55 | L69: A | M69: VEND | N69: 45933 | O69: 2025-2026 | P69: SEC | Q69: 852058596
B70: 62 | C70: LT052 | D70: SOKE KITENGE | E70: 6660 | F70: M | G70: 4°P | H70: PY | I70: Sept | J70: 40 | L70: N | M70: VEND | N70: 45933 | O70: 25-26 | P70: PRM | Q70: 0840943022/0993072628
B71: 63 | C71: LT051 | D71: WALUNYAMBO KASAMWE | E71: 6661 | F71: M | G71: 3°P | H71: PY | I71: Sept | J71: 40 | L71: N | M71: VEND | N71: 45933 | O71: 25-26 | P71: PRM | Q71: 840943022
B72: 64 | C72: PL014 | D72: NDASHI WA LUNYAMBO | E72: 6662 | F72: F | G72: 7°EB | H72: PY | I72: Sept | J72: 45 | L72: N | M72: VEND | N72: 45933 | O72: 2025-2026 | P72: SEC | Q72: 840943022
B73: 65 | C73: PL004 | D73: MAMBWE WA LUNYAMBO | E73: 6663 | F73: M | G73: 3°Sc | H73: PY | I73: Sept | J73: 45 | L73: A | M73: VEND | N73: 45933 | O73: 2025-2026 | P73: SEC | Q73: 840943022
B74: 66 | C74: PL505 | D74: KATOKA BIPENDU | E74: 6665 | F74: F | G74: 4°Sc | H74: PY | I74: Sept | J74: 80 | L74: A | M74: VEND | N74: 45933 | O74: 25-26 | P74: SEC | Q74: 971790071
B75: 67 | C75: LT041 | D75: KALENGA SANZA | E75: 6668 | F75: F | G75: 2°P | H75: PY | I75: Sept | J75: 35 | L75: N | M75: VEND | N75: 45933 | O75: 25-26 | P75: PRM
B76: 68 | C76: LT043 | D76: MUJINGA KALENGA | E76: 6667 | F76: F | G76: 4°P | H76: PY | I76: Sept | J76: 35 | L76: N | M76: VEND | N76: 45933 | O76: 25-26 | P76: PRM
B77: 69 | C77: PL568 | D77: MUTANDA WA MUTANDA | E77: 6669 | F77: M | G77: 4°MG | H77: PY | I77: Sept | J77: 80 | L77: A | M77: VEND | N77: 45933 | O77: 25-26 | P77: SEC | Q77: 0810370175/0992167027
B78: 70 | C78: PL090 | D78: NKULU WA MUJINGA | E78: 6670 | F78: M | G78: 1°Sc | H78: PY | I78: Sept | J78: 45 | L78: N | M78: VEND | N78: 45933 | O78: 2025-2026 | P78: SEC | Q78: 982121790
B79: 71 | C79: LT032 | D79: KALENGA MBOMBO | E79: 6666 | F79: F | G79: 3M | H79: PY | I79: Sept | J79: 30 | L79: N | M79: VEND | N79: 45933 | O79: 25-26 | P79: MAT
B80: 72 | C80: PL607 | D80: ABIBA FURAH | E80: 6678 | F80: F | G80: 4°TCC | H80: PY | I80: Sept | J80: 80 | L80: N | M80: SAMED | N80: 45934 | O80: 2025-2026 | P80: SEC
B81: 73 | C81: PL133 | D81: KALUNGA BATOKA | E81: 6674 | F81: F | G81: 3°Sc | H81: PY | I81: Sept | J81: 45 | L81: N | M81: SAMED | N81: 45934 | O81: 2025-2026 | P81: SEC
B82: 74 | C82: PL353 | D82: MAKENDA KASONGO | E82: 6677 | F82: F | G82: 1°TCC | H82: PY | I82: Sept | J82: 55 | L82: A | M82: SAMED | N82: 45934 | O82: 2025-2026 | P82: SEC
B83: 75 | C83: PL354 | D83: NGOIE WA ILUNGA | E83: 6676 | F83: F | G83: 2°Sc | H83: PY | I83: Sept | J83: 45 | L83: A | M83: SAMED | N83: 45934 | O83: 2025-2026 | P83: SEC
B84: 76 | C84: PL355 | D84: NUMBI WA ILUNGA | E84: 6675 | F84: F | G84: 4°TCC | H84: PY | I84: Sept | J84: 80 | L84: A | M84: SAMED | N84: 45934 | O84: 25-26 | P84: SEC
B85: 77 | C85: LT510 | D85: MASUWA NGOMERERO Diela | E85: 6673 | F85: F | G85: 1M | H85: PY | I85: Sept | J85: 40 | L85: N | M85: SAMED | N85: 45934 | O85: 2025-2026 | P85: MAT
B86: 78 | C86: LT470 | D86: MUKONGA VANDEKE | E86: 6742 | F86: M | G86: 1°P | H86: PY | I86: Sept | J86: 35 | L86: A | M86: LUND | N86: 45936 | O86: 2025-2026 | P86: PRM
B87: 79 | C87: LT161 | D87: MUKONGA MBOMBO Constantine | E87: 6741 | F87: F | G87: 2°P | H87: PY | I87: Sept | J87: 40 | L87: A | M87: LUND | N87: 45936 | O87: 2025-2026 | P87: PRM
B88: 80 | C88: LT165 | D88: MUKONGA WA KYUNGU | E88: 6740 | F88: F | G88: 6°P | H88: PY | I88: Sept | J88: 40 | L88: A | M88: LUND | N88: 45936 | O88: 2025-2026 | P88: PRM
B89: 81 | C89: LT524 | D89: NGUVUOKAKO NGUVU hope | E89: 6739 | F89: M | G89: 2M | H89: PY | I89: Sept | J89: 40 | L89: N | M89: LUND | N89: 45936 | O89: 2025-2026 | P89: MAT
B90: 82 | C90: LT556 | D90: KAMWANYA KAZADI Meleke | E90: 6738 | F90: F | G90: 2M | H90: PY | I90: Oct | J90: 40 | L90: N | M90: LUND | N90: 45936 | O90: 2025-2026 | P90: MAT
... B120: 112 | C120: LT533 | D120: KABAMBA ILONDO | E120: 6704 | F120: M | G120: 2M | H120: PY | I120: Sept | J120: 40 | L120: N | M120: LUND | N120: 45936 | O120: 2025-2026 | P120: MAT
B121: 113 | C121: PL012 | D121: ATCHUKANI OKABO | E121: 6703 | F121: M | G121: 4°MG | H121: PY | I121: Sept | J121: 73.68 | M121: LUND | N121: 45936 | O121: 25-26 | P121: SEC
B122: 114 | C122: PL316 | D122: TSHITENGE BANTU | E122: 6701 | F122: M | G122: 3°EL | H122: PY | I122: Sept | J122: 55 | L122: A | M122: LUND | N122: 45936 | O122: 2025-2026 | P122: SEC
B123: 115 | C123: LT544 | D123: KONA MUKUNA | E123: 6700 | F123: F | G123: 3M | H123: PY | I123: Sept | J123: 40 | L123: N | M123: LUND | N123: 45936 | O123: 2025-2026 | P123: MAT
B124: 116 | C124: LT322 | D124: BIONA MUKUNA | E124: 6699 | F124: F | G124: 2°P | H124: PY | I124: Sept | J124: 40 | L124: N | M124: LUND | N124: 45936 | O124: 2025-2026 | P124: PRM
B125: 117 | C125: LT413 | D125: MUKENDI KABONZO | E125: 6696 | F125: M | G125: 1°P | H125: PY | I125: Sept | J125: 40 | L125: N | M125: LUND | N125: 45936 | O125: 2025-2026 | P125: PRM
B126: 118 | C126: LT321 | D126: MAIKA MUKUNA | E126: 6698 | F126: M | G126: 6°P | H126: PY | I126: Sept | J126: 40 | L126: N | M126: LUND | N126: 45936 | O126: 2025-2026 | P126: PRM
B127: 119 | C127: LT006 | D127: KALELA LONDWA | E127: 6695 | F127: M | G127: 3M | H127: PY | I127: Sept | J127: 35 | L127: A | M127: LUND | N127: 45936 | O127: 2025-2026 | P127: MAT
B128: 120 | C128: LT005 | D128: NKULU LONDWA | E128: 6694 | F128: F | G128: 4°P | H128: PY | I128: Sept | J128: 35 | L128: A | M128: LUND | N128: 45936 | O128: 2025-2026 | P128: PRM
B129: 121 | C129: LT005 | D129: NKULU LONDWA | E129: 6693 | F129: F | G129: 4°P | H129: PY | I129: Sept | J129: 35 | L129: A | M129: LUND | N129: 45936 | O129: 2025-2026 | P129: PRM
B130: 122 | C130: LT318 | D130: BANZA KAYEMBE | E130: 6692 | F130: F | G130: 1°P | H130: PY | I130: Sept | J130: 40 | L130: N | M130: LUND | N130: 45936 | O130: 2025-2026 | P130: PRM
B131: 123 | C131: LT319 | D131: MABIKA KAYEMBE | E131: 6691 | F131: M | G131: 2M | H131: PY | I131: Sept | J131: 40 | L131: N | M131: LUND | N131: 45936 | O131: 2025-2026 | P131: MAT
B132: 124 | C132: LT317 | D132: NGALULA KAYEMBE | E132: 6690 | F132: F | G132: 3°P | H132: PY | I132: Sept | J132: 40 | L132: N | M132: LUND | N132: 45936 | O132: 2025-2026 | P132: PRM
B133: 125 | C133: LT381 | D133: MBEMBA DIENGANI | E133: 6689 | F133: M | G133: 2M | H133: PY | I133: Sept | J133: 40 | L133: A | M133: LUND | N133: 45936 | O133: 2025-2026 | P133: MAT
... B143: 135 | C143: LT311 | D143: CLEODILE KALONDA | E143: 6747 | F143: F | G143: 4°P | H143: PY | I143: Sept | J143: 40 | L143: N | M143: LUND | N143: 45936 | O143: 2025-2026 | P143: PRM
B144: 136 | C144: PL576 | D144: SHARADI SALOMO | E144: 6748 | F144: M | G144: 3°Lit | H144: PY | I144: Sept | J144: 45 | L144: A | M144: LUND | N144: 45936 | O144: 25-26 | P144: SEC | Q144: 0995684710 ; 812319428
...
